ID;Departamento;Provincia;Distrito;Localidad;Mesa;Peru Libre;Fuerza Popular;Total Validos;Voto Blanco;Voto Nulo;Voto Impugnado;Total Votos;Electores Habiles
557;AMAZONAS;CONDORCANQUI;RIO SANTIAGO;IEP 16377;900113;0;0;0;0;78;0;78;168
2125;ANCASH;HUARI;HUARI;IE 86323 VIRGEN DE FATIMA;1849;0;0;0;0;61;0;61;300
2187;ANCASH;HUARI;SAN MARCOS;86380;1972;0;0;0;0;300;0;300;300
3269;ANCASH;SANTA;CHIMBOTE;IE SAN PEDRO;2336;0;0;0;0;170;0;170;300
4054;ANCASH;YUNGAY;MANCOS;IE 86629 JOSE CARLOS MARIATEGUI;900399;0;0;0;0;258;0;258;258
4424;APURIMAC;ABANCAY;CURAHUASI;IE INMACULADA;3955;0;0;0;0;300;0;300;300
9610;AYACUCHO;HUAMANGA;AYACUCHO;IEPE SAN RAMON;8945;0;0;0;0;265;0;265;300
9964;AYACUCHO;HUAMANGA;TAMBILLO;IEP Nº 38052/MX-P;9233;0;46;46;0;187;0;233;300
11048;CAJAMARCA;CAJABAMBA;CONDEBAMBA;IE 821019 MALCAS;900798;0;0;0;0;198;0;198;252
11672;CAJAMARCA;CAJAMARCA;CAJAMARCA;PLATAFORMA DEPORTIVA RAMON CASTILLA;10398;0;0;0;0;262;0;262;300
13246;CAJAMARCA;HUALGAYOC;BAMBAMARCA;IE SAN CARLOS;12438;0;7;7;0;111;0;118;300
13686;CAJAMARCA;JAEN;JAEN;IE. JAEN BRACAMOROS;12671;0;0;0;0;205;0;205;300
13723;CAJAMARCA;JAEN;JAEN;SAN AGUSTIN;12779;0;0;0;0;228;0;228;300
14318;CAJAMARCA;SAN MARCOS;JOSE SABOGAL;IE 82248;13642;0;0;0;0;148;0;148;300
14815;CALLAO;CALLAO;BELLAVISTA;COMPLEJO DEPORTIVO SEÑOR DE LOS MILAGROS;77402;0;0;0;0;234;0;234;300
15637;CALLAO;CALLAO;CALLAO;IE 5095 JULIO RAMON RIBEYRO;76758;0;0;0;0;264;0;264;300
16062;CALLAO;CALLAO;CALLAO;LOSA DEPORTIVA LOS OLIMPICOS;76322;0;0;0;0;244;0;244;300
16070;CALLAO;CALLAO;CALLAO;LOSA DEPORTIVA LOS OLIMPICOS;76449;0;0;0;0;294;0;294;300
16438;CALLAO;CALLAO;LA PERLA;ESTADIO CAMPOLO ALCALDE;77625;0;0;0;0;233;0;233;300
16600;CALLAO;CALLAO;MI PERU;5119 VILLA EMILIA;78579;0;0;0;0;244;0;244;300
16614;CALLAO;CALLAO;MI PERU;IE 33 FE Y ALEGRIA;78613;0;0;0;0;256;0;256;300
18025;CUSCO;CANCHIS;COMBAPATA;JERONIMO ZAVALA;15590;0;0;0;0;202;0;202;282
18490;CUSCO;CUSCO;CUSCO;50019;13949;0;0;0;0;245;0;245;300
20559;CUSCO;QUISPICANCHI;ANDAHUAYLILLAS;IE 50477;16703;0;0;0;0;212;0;212;300
21336;HUANCAVELICA;CHURCAMPA;COSME;IE 30979 THOMAS ALVA EDISON;17992;0;0;0;0;83;0;83;275
22749;HUANUCO;HUANUCO;CHINCHAO;IE NUESTRA SEÑORA DE LOURDES;18236;0;0;0;0;199;0;199;300
22808;HUANUCO;HUANUCO;CHURUBAMBA;IE MICAELA BASTIDAS;18286;0;0;0;0;293;0;293;293
23211;HUANUCO;HUANUCO;SANTA MARIA DEL VALLE;12;18386;0;0;0;0;117;0;117;248
23887;HUANUCO;PACHITEA;UMARI;IE LA PUNTA;901611;0;0;0;0;202;0;202;261
24259;ICA;CHINCHA;CHINCHA ALTA;IEI 225 EMILIA BARCIA BONIFFATTI;20948;0;0;0;0;274;0;274;300
24518;ICA;CHINCHA;PUEBLO NUEVO;IE 255 NIÑO DE JESUS DE PRAGA;21341;0;0;0;0;262;0;262;300
24645;ICA;CHINCHA;SUNAMPE;IE 22290 - GUAYABO;21242;0;0;0;0;270;0;270;300
24908;ICA;ICA;ICA;IE 22733 REPUBLICA DE CANADA;20033;0;0;0;0;50;0;50;300
25671;ICA;ICA;TATE;IE 22360 FRANCISCO PEREZ ANAMPA;20827;0;0;0;0;67;0;67;300
27978;JUNIN;HUANCAYO;HUANCAYO;IE 30059 ROSA DE AMERICA;22222;0;0;0;0;221;0;221;300
29203;JUNIN;SATIPO;RIO TAMBO;IE LA INMACULADA;24773;0;0;0;0;124;0;124;300
29292;JUNIN;SATIPO;SATIPO;IE JOSE OLAYA;24482;0;0;0;0;240;0;240;300
29316;JUNIN;SATIPO;SATIPO;IE RAFAEL GASTELUA SECUNDARIA;24506;0;0;0;0;226;0;226;300
30024;LA LIBERTAD;BOLIVAR;BAMBAMARCA;IE 80099 TUPAC AMARU;28014;0;0;0;0;169;0;169;300
30572;LA LIBERTAD;OTUZCO;OTUZCO;IE SIMON BOLIVAR;28428;0;0;0;0;300;0;300;300
31036;LA LIBERTAD;PATAZ;PARCOY;IE 80454 ANDRES AVELINO CACERES;28956;0;0;0;0;300;0;300;300
31291;LA LIBERTAD;SANCHEZ CARRION;HUAMACHUCO;IE 80779 LA INMACULADA;28059;0;0;0;0;231;0;231;300
31577;LA LIBERTAD;SANTIAGO DE CHUCO;QUIRUVILCA;IE 81578;29095;0;0;0;0;91;0;91;291
31625;LA LIBERTAD;SANTIAGO DE CHUCO;SANTIAGO DE CHUCO;IE 80521 MANUEL ENCARNACION SAAVEDRA GELDRES;29035;0;0;0;0;227;0;227;300
32543;LA LIBERTAD;TRUJILLO;LA ESPERANZA;ESTADIO MUNICIPAL VICTOR RAUL HAYA DE LA TORRE;27768;0;0;0;0;254;0;254;300
32699;LA LIBERTAD;TRUJILLO;LA ESPERANZA;IE 80829 JOSE OLAYA;27649;0;0;0;0;168;0;168;300
33712;LA LIBERTAD;TRUJILLO;TRUJILLO;IE RAFAEL NARVAEZ CADENILLAS;26140;0;0;0;0;240;0;240;300
34575;LAMBAYEQUE;CHICLAYO;CHICLAYO;048 SEMILLLITAS DE JESUS;30678;0;0;0;0;251;0;251;300
36454;LAMBAYEQUE;CHICLAYO;PIMENTEL;IE 10016 SANTISIMA VIRGEN DEL CARMEN;31196;3;38;41;0;4;0;45;51
37949;LORETO;ALTO AMAZONAS;TENIENTE CESAR LOPEZ ROJAS;I.E.P. - E.B.R. SHUCUSHYACU;62431;0;0;0;0;169;0;169;283
38007;LORETO;ALTO AMAZONAS;YURIMAGUAS;IE 62011 ASCENCIO RIVERA CASTILLO - PRIMARIA;902351;0;0;0;0;198;0;198;293
38325;LORETO;LORETO;NAUTA;IE 60520 MIGUEL GRAU SEMINARIO;62456;0;0;0;0;208;0;208;300
38361;LORETO;LORETO;NAUTA;IEPS 60540 WOSTER SALINAS SAAVEDRA;902395;0;0;0;0;115;0;115;258
38603;LORETO;MARISCAL RAMON CASTILLA;YAVARI;IE 60082 MARIA ANTONIETA MENDOZA PINTO;902482;2;94;96;0;0;0;96;158
38604;LORETO;MARISCAL RAMON CASTILLA;YAVARI;IE 60082 MARIA ANTONIETA MENDOZA PINTO;902483;3;99;102;3;0;0;105;158
39393;LORETO;MAYNAS;NAPO;IST 60087 LUCILLE GAGNE PELLERIN;61478;0;0;0;0;120;0;120;300
39433;LORETO;MAYNAS;PUNCHANA;CETPRO PADRE JESUS GARCIA;61701;0;0;0;0;204;0;204;300
39888;LORETO;MAYNAS;TORRES CAUSANA;IEP 60326 CABO PANTOJA;61496;0;0;0;0;138;0;138;287
39889;LORETO;MAYNAS;TORRES CAUSANA;IEP 60326 CABO PANTOJA;61497;0;0;0;0;97;0;97;287
39908;LORETO;PUTUMAYO;TENIENTE MANUEL CLAVERO;IEPS N 6010104 TENIENTE EJERCITO RUIZ GARCIA RUIZ;63111;0;0;0;0;97;0;97;273
40079;LORETO;UCAYALI;CONTAMANA;"I.E.I CUNA JARDIN N° 212 ""NIÑO JESUS""";62726;0;0;0;0;217;0;217;300
40257;MADRE DE DIOS;MANU;MADRE DE DIOS;IE BASICA REGULAR BOCA COLORADO;902559;0;0;0;0;193;0;193;293
42453;PIURA;HUANCABAMBA;SAN MIGUEL DE EL FAIQUE;IE SAN MIGUEL ARCANGEL;67153;0;0;0;0;300;0;300;300
42878;PIURA;MORROPON;SALITRAL;IE. JORGE BASADRE;67483;0;0;0;0;300;0;300;300
42892;PIURA;MORROPON;SAN JUAN DE BIGOTE;IE JOSE CARLOS MARIATEGUI;67596;0;65;65;4;17;0;86;286
43109;PIURA;PAITA;PAITA;IE 14739 ELISEO ALCIDES BERNAL LA SERNA;67732;0;0;0;0;249;0;249;300
43192;PIURA;PAITA;PAITA;IEI 14100;902774;2;202;204;0;4;0;208;240
43193;PIURA;PAITA;PAITA;IEI 14100;902775;2;208;210;0;1;0;211;240
43554;PIURA;PIURA;CASTILLA;IE PARROQUIAL NIÑO JESUS DE PRAGA;65516;0;0;0;0;169;0;169;300
43605;PIURA;PIURA;CASTILLA;IEP IDEPUNP;65423;0;0;0;0;253;0;253;300
43805;PIURA;PIURA;CATACAOS;IEP SANTA MARIA;65647;0;0;0;0;40;0;40;300
43851;PIURA;PIURA;CURA MORI;CRFA LAS CAPULLANAS;66215;0;0;0;0;244;0;244;300
43865;PIURA;PIURA;CURA MORI;IE 14053;66229;0;0;0;0;232;0;232;300
43928;PIURA;PIURA;LA ARENA;IE 14123;65758;0;0;0;0;231;0;231;300
44080;PIURA;PIURA;LA UNION;IEP SANTA BERNARDITA;65842;0;0;0;0;63;0;63;285
44103;PIURA;PIURA;LA UNION;MINI COLISEO DEPORTIVO MUNICIPAL LA UNION;65836;0;0;0;0;238;0;238;300
44221;PIURA;PIURA;PIURA;20124;64956;0;0;0;0;235;0;235;300
46365;PIURA;TALARA;MANCORA;IE 14917 MICAELA BASTIDAS - SECUNDARIA;69053;0;0;0;0;246;0;246;300
49784;PUNO;YUNGUYO;YUNGUYO;IES JOSE GALVEZ;71937;0;15;15;1;77;0;93;300
49998;SAN MARTIN;EL DORADO;SAN MARTIN;IE 0309 TUPAC AMARU II;74350;0;0;0;0;224;0;224;300
50032;SAN MARTIN;EL DORADO;SANTA ROSA;IE Nº 0326 - PRIMARIA / SECUNDARIA;903058;0;0;0;0;232;0;232;252
50385;SAN MARTIN;MARISCAL CACERES;HUICUNGO;I.E 268 MI DULCE HOGAR;72991;0;0;0;0;185;0;185;296
50476;SAN MARTIN;MARISCAL CACERES;PACHIZA;IE 0480 JOSE GABRIEL CONDORCANQUI NOGUERA;73014;0;0;0;0;99;0;99;230
51839;SAN MARTIN;TOCACHE;TOCACHE;228;73998;0;0;0;0;239;0;239;300
51933;SAN MARTIN;TOCACHE;UCHIZA;IE 0426 INMACULADA CONCEPCION;74160;0;0;0;0;88;0;88;280
53362;TUMBES;TUMBES;TUMBES;IEI 049 MIS PRIMEROS PASOS;75508;0;0;0;0;52;0;52;57
53756;UCAYALI;CORONEL PORTILLO;CALLERIA;CEBA - EL ARENAL;78755;0;0;0;0;231;0;231;300
54482;UCAYALI;CORONEL PORTILLO;YARINACOCHA;IE 64096;79164;0;0;0;0;199;0;199;300
54664;UCAYALI;PADRE ABAD;CURIMANA;IE CURIMANA;79770;0;0;0;0;294;0;294;294
56278;LIMA;HUARAL;CHANCAY;20799 DANIEL ALCIDES CARRION;60366;0;0;0;0;300;0;300;300
57079;LIMA;HUAURA;HUACHO;IE 20318 JOSE A MACNAMARA IEI 658 FE Y ALEGRIA;59172;0;0;0;0;54;0;54;300
57284;LIMA;HUAURA;HUALMAY;IEP LICEO ESPAÑOL SAN JUAN BAUTISTA;59243;0;0;0;0;300;0;300;300
57541;LIMA;HUAURA;SAYAN;IE 20849 JOSE FAUSTINO SANCHEZ CARRION;902261;0;0;0;0;242;0;242;282
57896;LIMA;LIMA;ATE;206 HUELLITAS DE AMOR;34521;0;0;0;0;256;0;256;300
58493;LIMA;LIMA;ATE;IE 1270 JUAN EL BAUTISTA;35919;0;0;0;0;231;0;231;300
59118;LIMA;LIMA;ATE;LOSA DEPORTIVA NIÑO JESUS II ETAPA;35765;0;0;0;0;193;0;193;300
59450;LIMA;LIMA;BARRANCO;02 LAURA ALVA SALDAÑA;44552;0;0;0;0;224;0;224;269
59539;LIMA;LIMA;BARRANCO;IE 7049 CAP FAP JOSE ABELARDO QUIÑONES GONZALES;44649;0;0;0;0;216;0;216;300
59934;LIMA;LIMA;BREÑA;POLITECNICO SALESIANO - SALESTEC;36224;0;0;0;0;300;0;300;300
60663;LIMA;LIMA;CARABAYLLO;SANTA ROSA DE VILLA;36548;0;0;0;0;205;0;205;300
61353;LIMA;LIMA;CHORRILLOS;IE 7066 ANDRES AVELINO CACERES;39101;0;0;0;0;300;0;300;300
61404;LIMA;LIMA;CHORRILLOS;IE 7076 BRISAS DE VILLA;39152;0;0;0;0;236;0;236;300
61960;LIMA;LIMA;COMAS;888 SEÑOR DE LOS MILAGROS;37138;0;0;0;0;263;0;263;300
62068;LIMA;LIMA;COMAS;ESTADIO TEOFILO CUBILLAS;38125;0;0;0;0;250;0;250;300
62108;LIMA;LIMA;COMAS;IE 2022 SINCHI ROCA;37468;0;0;0;0;261;0;261;300
62717;LIMA;LIMA;COMAS;IE PERUANO SUIZO;37954;0;0;0;0;283;0;283;300
63596;LIMA;LIMA;EL AGUSTINO;IE GRAN MARISCAL ANDRES AVELINO CACERES DORREGARAY;51020;0;0;0;0;250;0;250;300
63665;LIMA;LIMA;EL AGUSTINO;IE PARROQUIAL APOSTOL SAN PEDRO;51128;0;0;0;0;168;0;168;300
64361;LIMA;LIMA;INDEPENDENCIA;POLIDEPORTIVO LAS AMERICAS;50526;0;0;0;0;241;0;241;300
64432;LIMA;LIMA;JESUS MARIA;CEBE 08 PERU HOLANDA;49721;0;0;0;0;285;0;285;300
64435;LIMA;LIMA;JESUS MARIA;CIRCULO MILITAR;49668;0;0;0;0;240;0;240;300
64539;LIMA;LIMA;JESUS MARIA;IE 091 SEÑOR DE LOS MILAGROS;49991;0;0;0;0;283;0;283;300
65329;LIMA;LIMA;LA VICTORIA;COLEGIO SACO OLIVEROS;39512;0;0;0;0;233;0;233;300
65344;LIMA;LIMA;LA VICTORIA;COMPLEJO DEPORTIVO OSCAR R. BENAVIDES;39521;0;0;0;0;227;0;227;300
65543;LIMA;LIMA;LA VICTORIA;IE 1123 SAGRADO CORAZON DE JESUS;39746;0;0;0;0;234;0;234;300
65954;LIMA;LIMA;LIMA;106 RAMON ESPINOSA;33289;0;0;0;0;229;0;229;300
66437;LIMA;LIMA;LIMA;IE 1157 JULIO C. TELLO R.;34161;0;0;0;0;254;0;254;300
66453;LIMA;LIMA;LIMA;IE 1162 DIVINO NIÑO JESUS;33767;0;0;0;0;221;0;221;300
66465;LIMA;LIMA;LIMA;IE 1168 HEROES DEL CENEPA;33779;0;0;0;0;216;0;216;300
66560;LIMA;LIMA;LIMA;IE NUESTRA SEÑORA DE GUADALUPE;34235;0;0;0;0;213;0;213;300
66730;LIMA;LIMA;LIMA;UNIVERSIDAD NACIONAL FEDERICO VILLARREAL - ESCUELA DE POST GRADO;33587;0;0;0;0;217;0;217;300
66749;LIMA;LIMA;LIMA;UNIVERSIDAD NACIONAL FEDERICO VILLARREAL - FACULTAD DE DERECHO Y CIENCIAS POLÍTI;33865;0;0;0;0;238;0;238;300
67297;LIMA;LIMA;LOS OLIVOS;IE 2015 MANUEL GONZALES PRADA;57344;0;0;0;0;0;0;0;300
67413;LIMA;LIMA;LOS OLIVOS;IE 2092 CRISTO MORADO;57464;0;0;0;0;300;0;300;300
68922;LIMA;LIMA;MAGDALENA DEL MAR;HOSPITAL LARCO HERRERA;41718;0;0;0;0;204;0;204;300
69819;LIMA;LIMA;PACHACAMAC;IEP SAN PEDRO;42456;0;0;0;0;270;0;270;270
70303;LIMA;LIMA;PUENTE PIEDRA;8180 CELSO LINO RICALDI;42944;0;0;0;0;241;0;241;300
70430;LIMA;LIMA;PUENTE PIEDRA;ESTADIO SANTA ROSA DE PUENTE PIEDRA;43510;0;0;0;0;161;0;161;300
70502;LIMA;LIMA;PUENTE PIEDRA;IE 2081 PERU SUIZA;43286;0;0;0;0;300;0;300;300
70623;LIMA;LIMA;PUENTE PIEDRA;IE 5168 ROSA LUZ;43380;0;0;0;0;255;0;255;300
70812;LIMA;LIMA;PUENTE PIEDRA;IEP LOS CERVANTINOS;43463;0;0;0;0;300;0;300;300
70962;LIMA;LIMA;RIMAC;CEBA - 3016 RICARDO QUIMPER EX-3035;44191;0;0;0;0;235;0;235;300
70969;LIMA;LIMA;RIMAC;ESTHER CACERES SALGADO;43753;0;0;0;0;63;0;63;300
71553;LIMA;LIMA;SAN BORJA;ESTACIONAMIENTO 2;55526;2;226;228;0;1;0;229;300
71750;LIMA;LIMA;SAN BORJA;PARQUE ARAMBURU;55492;0;0;0;0;199;0;199;275
71965;LIMA;LIMA;SAN ISIDRO;COLEGIO SAGRADO CORAZON SOPHIANUM;44382;0;0;0;0;261;0;261;300
72288;LIMA;LIMA;SAN JUAN DE LURIGANCHO;0141 VIRGEN DE COCHARCAS;52363;0;0;0;0;130;0;130;300
72302;LIMA;LIMA;SAN JUAN DE LURIGANCHO;0156 EL PORVENIR;52377;0;0;0;0;246;0;246;300
72459;LIMA;LIMA;SAN JUAN DE LURIGANCHO;CAMPO DEPORTIVO JAVIER HERAUD;53084;0;0;0;0;235;0;235;300
72479;LIMA;LIMA;SAN JUAN DE LURIGANCHO;CAMPO DEPORTIVO LAS PALMERAS;53246;0;0;0;0;69;0;69;300
72505;LIMA;LIMA;SAN JUAN DE LURIGANCHO;CAMPO DEPORTIVO LOS HERALDOS;53105;0;0;0;0;245;0;245;300
72712;LIMA;LIMA;SAN JUAN DE LURIGANCHO;CENTRO DEPORTIVO UPIS HUASCAR;54799;0;0;0;0;255;0;255;300
73051;LIMA;LIMA;SAN JUAN DE LURIGANCHO;IE 0171-10 HANNI ROLFES;52400;0;0;0;0;242;0;242;300
73324;LIMA;LIMA;SAN JUAN DE LURIGANCHO;IE 130 HEROES DE CENEPA;54237;0;0;0;0;250;0;250;300
73336;LIMA;LIMA;SAN JUAN DE LURIGANCHO;IE 131 MONITOR HUASCAR;54249;0;0;0;0;271;0;271;300
73586;LIMA;LIMA;SAN JUAN DE LURIGANCHO;IE 161 MOISES COLONIA TRINIDAD;54467;0;0;0;0;38;0;38;300
73830;LIMA;LIMA;SANTIAGO DE SURCO;COMPLEJO DEPOR LOMA AMARILLA;47114;0;0;0;0;224;0;224;300
73906;LIMA;LIMA;SANTIAGO DE SURCO;ESTACIONAMIENTO 1 - UNIVERSIDAD DE LIMA;48007;2;168;170;0;54;0;224;300
74077;LIMA;LIMA;SANTIAGO DE SURCO;IE 6047 JOSE MARIA ARGUEDAS;47246;0;0;0;0;244;0;244;300
74180;LIMA;LIMA;SANTIAGO DE SURCO;IE DE LA INMACULADA JESUITAS;47061;2;262;264;0;5;0;269;300
74239;LIMA;LIMA;SANTIAGO DE SURCO;IE URPI WASSI;48145;0;0;0;0;53;0;53;300
74275;LIMA;LIMA;SANTIAGO DE SURCO;IEP FRANCO PERUANO;47514;3;220;223;0;14;0;237;300
74838;LIMA;LIMA;SURQUILLO;CEBE SANTA MARIA DE GUADALUPE;48439;0;0;0;0;271;0;271;300
76159;LIMA;LIMA;VILLA EL SALVADOR;POLIDEPORTIVO VILLA EL SALVADOR;56272;0;0;0;0;251;0;251;300
76500;LIMA;LIMA;VILLA MARIA DEL TRIUNFO;IEP HENDRIK ANTOON LORENTZ 3;48654;0;0;0;0;216;0;216;300
76635;LIMA;LIMA;SANTA ANITA;IEP SANTA MARIA DE JESUS - PRIMARIA;57907;0;0;0;0;241;0;241;300
76705;LIMA;LIMA;SANTA ANITA;MIS PRIMEROS PASOS;57844;0;0;0;0;245;0;245;300
76951;LIMA;LIMA;SANTA ANITA;IE 123 LOS ARBOLES;58071;0;0;0;0;245;0;245;300
76956;LIMA;LIMA;SANTA ANITA;IE 1253 FRANCISCO BOLOGNESI;58331;0;0;0;0;77;0;77;300
77504;LIMA;LIMA;SAN MIGUEL;IE 1086 JESUS REDENTOR;46894;0;0;0;0;220;0;220;300
77771;LIMA;LIMA;SAN MARTIN DE PORRES;IE 3032 VILLA ANGELICA;45455;0;0;0;1;66;0;67;300
78062;LIMA;LIMA;SAN MARTIN DE PORRES;LOSA DEPORTIVA VIRGEN INMACULADA CONCEPCION;46039;0;0;0;0;223;0;223;300
78138;LIMA;LIMA;SAN MARTIN DE PORRES;IEP SANTO DOMINGO EL PREDICADOR;45965;0;0;0;0;83;0;83;300
78469;LIMA;LIMA;SAN MARTIN DE PORRES;IEP NUESTRA SEÃ‘ORA DE LA PAZ;44936;0;0;0;0;249;0;249;300
79019;LIMA;LIMA;SAN MARTIN DE PORRES;IE 3043 RAMON CASTILLA;45554;0;0;0;0;275;0;275;300
79379;LIMA;LIMA;SAN MARTIN DE PORRES;AGENCIA MUNICIPAL INFANTA;45656;0;0;0;0;242;0;242;300
79467;LIMA;LIMA;SAN JUAN DE MIRAFLORES;PARQUE ECOLOGICO NUMERO 3;52159;0;0;0;0;239;0;239;300
79643;LIMA;LIMA;SAN JUAN DE MIRAFLORES;IEP SANTA MARIA EDUVIGES;51485;0;0;0;0;244;0;244;300
80074;LIMA;LIMA;SAN JUAN DE MIRAFLORES;IE 7062 NACIONES UNIDAS;51795;0;0;0;0;216;0;216;300
80822;LIMA;LIMA;SAN JUAN DE LURIGANCHO;SOLIDARIDAD III;52843;0;0;0;0;32;0;32;300
80918;LIMA;LIMA;SAN JUAN DE LURIGANCHO;LOSA DEPORTIVA PARQUE 4 OSCAR BENEGAS;53543;0;0;0;0;217;0;217;300
81470;LIMA;LIMA;SAN JUAN DE LURIGANCHO;IEP APRENDAMOS DE JESUS;53508;0;0;0;0;300;0;300;300
81617;LIMA;LIMA;SAN JUAN DE LURIGANCHO;IE MUNDO FELIZ;53770;0;0;0;0;210;0;210;300
81728;LIMA;LIMA;SAN JUAN DE LURIGANCHO;IE 171 01 JUAN VELASCO ALVARADO;53967;0;0;0;0;249;0;249;300
81787;LIMA;LIMA;SAN LUIS;IE 1133 SANTISIMA VIRGEN DE FATIMA;55020;0;0;0;0;247;0;247;300
81837;LIMA;LIMA;PUENTE PIEDRA;LOSA DEPORTIVA LOS GERANIOS ZAPALLAL;43548;0;0;0;0;231;0;231;300
81989;LIMA;LIMA;LOS OLIVOS;PARQUE SANTA ROSA;57281;0;0;0;0;300;0;300;300
82114;LIMA;LIMA;VILLA EL SALVADOR;POLIDEPORTIVO VILLA EL SALVADOR;56240;0;0;0;0;258;0;258;300
82380;LIMA;LIMA;VILLA MARIA DEL TRIUNFO;IE 6057 VIRGEN DE LOURDES;49176;0;0;0;0;271;0;271;300
82517;LIMA;LIMA;VILLA MARIA DEL TRIUNFO;IE FE Y ALEGRIA NÂ° 23;49428;0;0;0;0;267;0;267;300
82929;LIMA;LIMA;VILLA MARIA DEL TRIUNFO;IEP CRISTO AMIGO;49008;0;0;0;0;250;0;250;300
82978;AFRICA;ARGELIA;ARGEL;EMBAJADA DEL PERÚ EN ARGEL;79941;3;6;9;0;0;0;9;
82979;AFRICA;MARRUECOS;RABAT;EMBAJADA DEL PERÚNEN RABAT;79943;3;6;9;0;1;0;10;
82981;AFRICA;SUDAFRICA;JOHANNESBURGO;EDIFICIO NORMA & VILMA;79945;1;37;38;0;0;0;38;
82982;AFRICA;SUDAFRICA;PRETORIA;EMBAJADA DEL PERÚ EN PRETORIA;79944;2;5;7;0;1;0;8;
83725;AMERICA;CHILE;SANTIAGO;LICEO JOSE VICTORIANO LASTARRIA;80922;0;0;0;0;300;0;300;
83726;AMERICA;CHILE;SANTIAGO;LICEO JOSE VICTORIANO LASTARRIA;80923;0;0;0;0;300;0;300;
83900;AMERICA;ESTADOS UNIDOS DE AMERICA;CHICAGO;THE CONGRESS PLAZA HOTEL&CONVENTION CENTER;81060;2;35;37;0;0;0;37;
83988;AMERICA;ESTADOS UNIDOS DE AMERICA;HOUSTON;EDIFICIO KEPPEL;81109;3;97;100;0;3;0;103;
84030;AMERICA;ESTADOS UNIDOS DE AMERICA;MIAMI;CONVENTION CENTER;81228;3;100;103;0;1;0;104;
84036;AMERICA;ESTADOS UNIDOS DE AMERICA;MIAMI;CONVENTION CENTER;81234;2;113;115;0;1;0;116;
84043;AMERICA;ESTADOS UNIDOS DE AMERICA;MIAMI;CONVENTION CENTER;81241;3;103;106;0;2;0;108;
84204;AMERICA;ESTADOS UNIDOS DE AMERICA;TAMPA;TAMPA CONVENTION CENTER;81933;3;58;61;0;1;0;62;
84207;AMERICA;ESTADOS UNIDOS DE AMERICA;TAMPA;TAMPA CONVENTION CENTER;81936;1;52;53;0;1;0;54;
84213;AMERICA;ESTADOS UNIDOS DE AMERICA;TAMPA;TAMPA CONVENTION CENTER;81942;2;63;65;0;1;0;66;
84266;AMERICA;HAITI;PUERTO PRINCIPE;CONSULADO HONORARIO DEL PERÚ EN HAITÍ;82073;1;3;4;0;0;0;4;
84301;AMERICA;PANAMA;VERAGUAS;EDIFICIO DON PIPO;82108;2;22;24;0;2;0;26;
84315;AMERICA;TRINIDAD TOBAGO;PUERTO ESPAÑA;EMBAJADA DEL PERÚ EN PUERTO ESPAÑA;82122;1;6;7;0;1;0;8;
84322;AMERICA;VENEZUELA;ARAGUA;HOTEL EUROBUILDING EXPRESS MARACAY;82189;3;37;40;0;1;0;41;
84358;AMERICA;VENEZUELA;PUERTO ORDAZ;HOTEL ROSA BELA;82172;0;39;39;0;0;0;39;
84361;AMERICA;VENEZUELA;PUERTO ORDAZ;HOTEL ROSA BELA;82175;3;38;41;0;6;0;47;
84366;AMERICA;VENEZUELA;VALENCIA;HOTEL EXECUTIVE SUITES VALENCIA;82128;1;2;3;0;0;0;3;
84367;AMERICA;VENEZUELA;VALENCIA;HOTEL EXECUTIVE SUITES VALENCIA;82129;0;2;2;0;0;0;2;
84368;AMERICA;VENEZUELA;VALENCIA;HOTEL EXECUTIVE SUITES VALENCIA;82130;0;2;2;0;0;0;2;
84369;AMERICA;VENEZUELA;VALENCIA;HOTEL EXECUTIVE SUITES VALENCIA;82167;0;0;0;0;0;0;0;
84370;AMERICA;VENEZUELA;VALENCIA;HOTEL EXECUTIVE SUITES VALENCIA;82168;0;0;0;0;0;0;0;
84379;AMERICA;VENEZUELA;VALENCIA;HOTEL EXECUTIVE SUITES VALENCIA;82192;0;0;0;0;0;0;0;
84380;AMERICA;VENEZUELA;VALENCIA;HOTEL EXECUTIVE SUITES VALENCIA;82193;0;0;0;0;0;0;0;
84381;AMERICA;VENEZUELA;VALENCIA;HOTEL EXECUTIVE SUITES VALENCIA;82194;0;0;0;0;0;0;0;
84382;ASIA;ARABIA SAUDITA;RIAD;EMBAJADA DEL PERÚ EN EL REINO DE ARABIA SAUDITA;82336;0;0;0;0;0;0;0;
84383;ASIA;EMIRATOS ARABES UNIDOS;DUBAI;CONSULADO GENERAL DEL PERÚ EN DUBAI;82343;3;30;33;0;2;0;35;
84385;ASIA;INDIA;NUEVA DELHI;EMBAJADA DEL PERÚ EN INDIA;82205;0;4;4;0;0;0;4;
84386;ASIA;INDONESIA;JAKARTA;EMBAJADA DEL PERÚ EN YAKARTA;82332;1;4;5;0;0;0;5;
84398;ASIA;JAPON;GUNMA;VIENTO TAKASAKI;82287;2;107;109;0;0;0;109;
84399;ASIA;JAPON;GUNMA;VIENTO TAKASAKI;82288;2;117;119;0;9;0;128;
84434;ASIA;JAPON;NAGOYA;PORT MESSE NAGOYA;82260;3;80;83;0;4;0;87;
84448;ASIA;JAPON;OKINAWA;NAHA SHI TEMBUSU KAN;82248;0;36;36;3;0;0;39;
84449;ASIA;JAPON;OKINAWA;NAHA SHI TEMBUSU KAN;82249;2;45;47;1;4;0;52;
84452;ASIA;JAPON;SAITAMA;SAITAMA GRAND HOTEL HONJO;82276;3;99;102;0;6;0;108;
84469;ASIA;JAPON;SHIZUOKA;ACT CITY HAMAMATSU;82307;3;88;91;1;1;0;93;
84473;ASIA;JAPON;SHIZUOKA;ACT CITY HAMAMATSU;82311;3;108;111;0;1;0;112;
84484;ASIA;JAPON;TOKIO;TOKYO RYUTSU CENTER;82220;2;68;70;0;2;0;72;
84488;ASIA;JAPON;TOKIO;TOKYO RYUTSU CENTER;82224;2;60;62;0;2;0;64;
84489;ASIA;JAPON;TOKIO;TOKYO RYUTSU CENTER;82225;1;67;68;0;1;0;69;
84503;ASIA;JAPON;TOKIO;TOKYO RYUTSU CENTER;82239;3;67;70;0;0;0;70;
84504;ASIA;JAPON;TOKIO;TOKYO RYUTSU CENTER;82240;3;79;82;0;1;0;83;
84506;ASIA;KUWAIT;AL - KUWAIT;EMBAJADA DEL PERÚ EN KUWAIT;82340;0;0;0;0;0;0;0;
84507;ASIA;LIBANO;BEIRUT;CONSULADO HONORARIO DEL PERÚ EN BEIRUT;82330;0;0;0;0;0;0;0;
84508;ASIA;MALASIA;KUALA LUMPUR;RESIDENCIA OFICIAL DE LA EMBAJADA DEL PERÚ EN KUALA LUMPUR;82341;0;5;5;0;0;0;5;
84509;ASIA;QATAR;DOHA;EMBAJADA DEL PERÚ EN QATAR;82344;1;18;19;0;1;0;20;
84512;ASIA;REPUBLICA POPULAR CHINA;GUANGZHOU;CONSULADO GENERAL DEL PERÚ EN GUANGZHOU;82204;0;15;15;0;1;0;16;
84513;ASIA;REPUBLICA POPULAR CHINA;HONG KONG;CONSULADO GENERAL DEL PERÚ EN HONG KONG;82202;3;21;24;1;2;0;27;
84515;ASIA;REPUBLICA POPULAR CHINA;SHANGHAI;JING'AN KERRY CENTER;82201;1;19;20;0;0;0;20;
84516;ASIA;SINGAPUR;SINGAPUR;EMBAJADA DEL PERÚ EN SINGAPUR;82339;2;31;33;0;3;0;36;
84517;ASIA;TAILANDIA;BANGKOK;EMBAJADA DEL PERÚ EN BANGKOK;82331;3;12;15;2;3;0;20;
84518;ASIA;TURQUIA;ANKARA;EMBAJADA DEL PERÚ EN ANKARA;82335;1;5;6;0;0;0;6;
84520;ASIA;VIETNAM;HANOI;EMBAJADA DEL PERÚ EN VIETNAM;82337;0;3;3;0;0;0;3;
84812;EUROPA;GRECIA;SALONICA;CONSULADO HONORARIO DEL PERÚ EN SALONICA;82970;1;5;6;0;1;0;7;
84970;EUROPA;ITALIA;TURIN;CENTRO DE CONVENCIONES LINGOTTO FIERE;83247;0;0;0;0;159;0;159;
84998;EUROPA;MACEDONIA DEL NORTE;SKOPJE;CONSULADO HONORARIO DEL PERÚ EN SKOPJE;83355;0;5;5;0;0;0;5;
85051;EUROPA;UCRANIA;KHARKOV;"SALA DE CONFERENCIAS DE LA COMPAÑÍA ""FOP MAZLIN VOLODYMYR"".";83353;0;22;22;0;0;0;22;
85163;AMERICA;ARGENTINA;CORDOBA;ESCUELA JUAN BAUTISTA ALBERDI;80335;0;0;0;0;108;0;108;
85235;AMERICA;CHILE;SANTIAGO;E.B. SALVADOR SANFUENTES;80715;0;0;0;0;147;0;147;
85243;AMERICA;CHILE;SANTIAGO;ESCUELA REPÚBLICA DE ALEMANIA;80849;0;0;0;0;143;0;143;
85263;AMERICA;CHILE;SANTIAGO;LICEO INDUSTRIAL ELIODORO GARCÍA ZEGERS;80995;0;0;0;0;35;0;35;
85297;AMERICA;CHILE;SANTIAGO;LICEO TAJAMAR;80803;0;0;0;0;158;0;158;
85313;AMERICA;VENEZUELA;CARACAS;UNIDAD EDUCATIVA PRIVADA COLEGIO DON BOSCO;82195;0;0;0;0;0;0;0;
85314;AMERICA;VENEZUELA;CARACAS;UNIDAD EDUCATIVA PRIVADA COLEGIO DON BOSCO;82196;0;0;0;0;0;0;0;
85315;ASIA;JAPON;TOKIO;TOKYO RYUTSU CENTER;82241;1;70;71;0;0;0;71;
85317;ASIA;JAPON;TOKIO;TOKYO RYUTSU CENTER;82243;3;81;84;0;0;0;84;
85319;ASIA;JAPON;TOKIO;TOKYO RYUTSU CENTER;82245;3;68;71;0;1;0;72;
85320;ASIA;JAPON;TOKIO;TOKYO RYUTSU CENTER;82246;0;64;64;0;0;0;64;
85791;EUROPA;ESPAÑA;MADRID;RECINTO FERIAL IFEMA PABELLÓN Nº 9;82828;0;0;0;0;105;0;105;
85912;AMERICA;ESTADOS UNIDOS DE AMERICA;MIAMI;CONVENTION CENTER;81273;3;71;74;0;4;0;78;
85916;AMERICA;ESTADOS UNIDOS DE AMERICA;MIAMI;CONVENTION CENTER;81277;3;80;83;1;2;0;86;
85920;AMERICA;ESTADOS UNIDOS DE AMERICA;MIAMI;CONVENTION CENTER;81281;0;102;102;0;1;0;103;
85922;AMERICA;ESTADOS UNIDOS DE AMERICA;MIAMI;CONVENTION CENTER;81283;3;99;102;0;1;0;103;
85938;AMERICA;ESTADOS UNIDOS DE AMERICA;MIAMI;CONVENTION CENTER;81299;3;96;99;0;1;0;100;
85951;AMERICA;ESTADOS UNIDOS DE AMERICA;MIAMI;CONVENTION CENTER;81312;3;86;89;0;1;5;95;
85952;AMERICA;ESTADOS UNIDOS DE AMERICA;MIAMI;CONVENTION CENTER;81313;0;95;95;0;0;0;95;
85953;AMERICA;ESTADOS UNIDOS DE AMERICA;MIAMI;CONVENTION CENTER;81314;3;114;117;0;0;0;117;
85959;AMERICA;ESTADOS UNIDOS DE AMERICA;MIAMI;CONVENTION CENTER;81320;2;92;94;0;2;0;96;
85961;AMERICA;ESTADOS UNIDOS DE AMERICA;MIAMI;CONVENTION CENTER;81322;1;96;97;0;2;0;99;
85963;AMERICA;ESTADOS UNIDOS DE AMERICA;MIAMI;CONVENTION CENTER;81324;2;93;95;0;2;0;97;
85967;AMERICA;ESTADOS UNIDOS DE AMERICA;MIAMI;CONVENTION CENTER;81328;3;94;97;1;0;0;98;
85968;AMERICA;ESTADOS UNIDOS DE AMERICA;MIAMI;CONVENTION CENTER;81329;1;95;96;1;0;0;97;
85974;AMERICA;ESTADOS UNIDOS DE AMERICA;MIAMI;CONVENTION CENTER;81335;3;84;87;0;1;0;88;
86000;AMERICA;ESTADOS UNIDOS DE AMERICA;MIAMI;CONVENTION CENTER;81361;2;108;110;0;2;0;112;
86002;AMERICA;ESTADOS UNIDOS DE AMERICA;MIAMI;CONVENTION CENTER;81363;3;93;96;0;8;0;104;
86010;AMERICA;ESTADOS UNIDOS DE AMERICA;MIAMI;CONVENTION CENTER;81371;3;77;80;0;1;0;81;
86011;AMERICA;ESTADOS UNIDOS DE AMERICA;MIAMI;CONVENTION CENTER;81372;0;109;109;0;0;0;109;
86030;AMERICA;ESTADOS UNIDOS DE AMERICA;NUEVA JERSEY;MEADOWLANDS EXPOSITION CENTER;81774;0;0;0;0;74;0;74;
86128;AMERICA;ESTADOS UNIDOS DE AMERICA;NUEVA JERSEY;MEADOWLANDS EXPOSITION CENTER;81872;0;0;0;0;82;0;82;
