ID;Ambito;Departamento/Continente;Provincia/Pais;Distrito/Estado;Localidad/Embajada;Mesa;Peru Libre;Fuerza Popular;Total Validos;Voto Blanco;Voto Nulo;Voto Impugnado;Total Votos;Electores Habiles
0;NACIONAL;AMAZONAS;CONDORCANQUI;RIO SANTIAGO;IEP 16377;900113;0;0;0;0;78;0;78;168
1;NACIONAL;ANCASH;HUARI;HUARI;IE 86323 VIRGEN DE FATIMA;1849;0;0;0;0;61;0;61;300
2;NACIONAL;ANCASH;HUARI;SAN MARCOS;86380;1972;0;0;0;0;300;0;300;300
3;NACIONAL;ANCASH;SANTA;CHIMBOTE;IE SAN PEDRO;2336;0;0;0;0;170;0;170;300
4;NACIONAL;ANCASH;YUNGAY;MANCOS;IE 86629 JOSE CARLOS MARIATEGUI;900399;0;0;0;0;258;0;258;258
5;NACIONAL;APURIMAC;ABANCAY;CURAHUASI;IE INMACULADA;3955;0;0;0;0;300;0;300;300
6;NACIONAL;AYACUCHO;HUAMANGA;AYACUCHO;IEPE SAN RAMON;8945;0;0;0;0;265;0;265;300
7;NACIONAL;AYACUCHO;HUAMANGA;TAMBILLO;IEP Nº 38052/MX-P;9233;0;46;46;0;187;0;233;300
8;NACIONAL;CAJAMARCA;CAJABAMBA;CONDEBAMBA;IE 821019 MALCAS;900798;0;0;0;0;198;0;198;252
9;NACIONAL;CAJAMARCA;CAJAMARCA;CAJAMARCA;PLATAFORMA DEPORTIVA RAMON CASTILLA;10398;0;0;0;0;262;0;262;300
10;NACIONAL;CAJAMARCA;HUALGAYOC;BAMBAMARCA;IE SAN CARLOS;12438;0;7;7;0;111;0;118;300
11;NACIONAL;CAJAMARCA;JAEN;JAEN;IE. JAEN BRACAMOROS;12671;0;0;0;0;205;0;205;300
12;NACIONAL;CAJAMARCA;JAEN;JAEN;SAN AGUSTIN;12779;0;0;0;0;228;0;228;300
13;NACIONAL;CAJAMARCA;SAN MARCOS;JOSE SABOGAL;IE 82248;13642;0;0;0;0;148;0;148;300
14;NACIONAL;CALLAO;CALLAO;BELLAVISTA;COMPLEJO DEPORTIVO SEÑOR DE LOS MILAGROS;77402;0;0;0;0;234;0;234;300
15;NACIONAL;CALLAO;CALLAO;CALLAO;IE 5095 JULIO RAMON RIBEYRO;76758;0;0;0;0;264;0;264;300
16;NACIONAL;CALLAO;CALLAO;CALLAO;LOSA DEPORTIVA LOS OLIMPICOS;76322;0;0;0;0;244;0;244;300
17;NACIONAL;CALLAO;CALLAO;CALLAO;LOSA DEPORTIVA LOS OLIMPICOS;76449;0;0;0;0;294;0;294;300
18;NACIONAL;CALLAO;CALLAO;LA PERLA;ESTADIO CAMPOLO ALCALDE;77625;0;0;0;0;233;0;233;300
19;NACIONAL;CALLAO;CALLAO;MI PERU;5119 VILLA EMILIA;78579;0;0;0;0;244;0;244;300
20;NACIONAL;CALLAO;CALLAO;MI PERU;IE 33 FE Y ALEGRIA;78613;0;0;0;0;256;0;256;300
21;NACIONAL;CUSCO;CANCHIS;COMBAPATA;JERONIMO ZAVALA;15590;0;0;0;0;202;0;202;282
22;NACIONAL;CUSCO;CUSCO;CUSCO;50019;13949;0;0;0;0;245;0;245;300
23;NACIONAL;CUSCO;QUISPICANCHI;ANDAHUAYLILLAS;IE 50477;16703;0;0;0;0;212;0;212;300
24;NACIONAL;HUANCAVELICA;CHURCAMPA;COSME;IE 30979 THOMAS ALVA EDISON;17992;0;0;0;0;83;0;83;275
25;NACIONAL;HUANUCO;HUANUCO;CHINCHAO;IE NUESTRA SEÑORA DE LOURDES;18236;0;0;0;0;199;0;199;300
26;NACIONAL;HUANUCO;HUANUCO;CHURUBAMBA;IE MICAELA BASTIDAS;18286;0;0;0;0;293;0;293;293
27;NACIONAL;HUANUCO;HUANUCO;SANTA MARIA DEL VALLE;12;18386;0;0;0;0;117;0;117;248
28;NACIONAL;HUANUCO;PACHITEA;UMARI;IE LA PUNTA;901611;0;0;0;0;202;0;202;261
29;NACIONAL;ICA;CHINCHA;CHINCHA ALTA;IEI 225 EMILIA BARCIA BONIFFATTI;20948;0;0;0;0;274;0;274;300
30;NACIONAL;ICA;CHINCHA;PUEBLO NUEVO;IE 255 NIÑO DE JESUS DE PRAGA;21341;0;0;0;0;262;0;262;300
31;NACIONAL;ICA;CHINCHA;SUNAMPE;IE 22290 - GUAYABO;21242;0;0;0;0;270;0;270;300
32;NACIONAL;ICA;ICA;ICA;IE 22733 REPUBLICA DE CANADA;20033;0;0;0;0;50;0;50;300
33;NACIONAL;ICA;ICA;TATE;IE 22360 FRANCISCO PEREZ ANAMPA;20827;0;0;0;0;67;0;67;300
34;NACIONAL;JUNIN;HUANCAYO;HUANCAYO;IE 30059 ROSA DE AMERICA;22222;0;0;0;0;221;0;221;300
35;NACIONAL;JUNIN;SATIPO;RIO TAMBO;IE LA INMACULADA;24773;0;0;0;0;124;0;124;300
36;NACIONAL;JUNIN;SATIPO;SATIPO;IE JOSE OLAYA;24482;0;0;0;0;240;0;240;300
37;NACIONAL;JUNIN;SATIPO;SATIPO;IE RAFAEL GASTELUA SECUNDARIA;24506;0;0;0;0;226;0;226;300
38;NACIONAL;LA LIBERTAD;BOLIVAR;BAMBAMARCA;IE 80099 TUPAC AMARU;28014;0;0;0;0;169;0;169;300
39;NACIONAL;LA LIBERTAD;OTUZCO;OTUZCO;IE SIMON BOLIVAR;28428;0;0;0;0;300;0;300;300
40;NACIONAL;LA LIBERTAD;PATAZ;PARCOY;IE 80454 ANDRES AVELINO CACERES;28956;0;0;0;0;300;0;300;300
41;NACIONAL;LA LIBERTAD;SANCHEZ CARRION;HUAMACHUCO;IE 80779 LA INMACULADA;28059;0;0;0;0;231;0;231;300
42;NACIONAL;LA LIBERTAD;SANTIAGO DE CHUCO;QUIRUVILCA;IE 81578;29095;0;0;0;0;91;0;91;291
43;NACIONAL;LA LIBERTAD;SANTIAGO DE CHUCO;SANTIAGO DE CHUCO;IE 80521 MANUEL ENCARNACION SAAVEDRA GELDRES;29035;0;0;0;0;227;0;227;300
44;NACIONAL;LA LIBERTAD;TRUJILLO;LA ESPERANZA;ESTADIO MUNICIPAL VICTOR RAUL HAYA DE LA TORRE;27768;0;0;0;0;254;0;254;300
45;NACIONAL;LA LIBERTAD;TRUJILLO;LA ESPERANZA;IE 80829 JOSE OLAYA;27649;0;0;0;0;168;0;168;300
46;NACIONAL;LA LIBERTAD;TRUJILLO;TRUJILLO;IE RAFAEL NARVAEZ CADENILLAS;26140;0;0;0;0;240;0;240;300
47;NACIONAL;LAMBAYEQUE;CHICLAYO;CHICLAYO;048 SEMILLLITAS DE JESUS;30678;0;0;0;0;251;0;251;300
48;NACIONAL;LORETO;ALTO AMAZONAS;TENIENTE CESAR LOPEZ ROJAS;I.E.P. - E.B.R. SHUCUSHYACU;62431;0;0;0;0;169;0;169;283
49;NACIONAL;LORETO;ALTO AMAZONAS;YURIMAGUAS;IE 62011 ASCENCIO RIVERA CASTILLO - PRIMARIA;902351;0;0;0;0;198;0;198;293
50;NACIONAL;LORETO;LORETO;NAUTA;IE 60520 MIGUEL GRAU SEMINARIO;62456;0;0;0;0;208;0;208;300
51;NACIONAL;LORETO;LORETO;NAUTA;IEPS 60540 WOSTER SALINAS SAAVEDRA;902395;0;0;0;0;115;0;115;258
52;NACIONAL;LORETO;MAYNAS;NAPO;IST 60087 LUCILLE GAGNE PELLERIN;61478;0;0;0;0;120;0;120;300
53;NACIONAL;LORETO;MAYNAS;PUNCHANA;CETPRO PADRE JESUS GARCIA;61701;0;0;0;0;204;0;204;300
54;NACIONAL;LORETO;MAYNAS;TORRES CAUSANA;IEP 60326 CABO PANTOJA;61496;0;0;0;0;138;0;138;287
55;NACIONAL;LORETO;MAYNAS;TORRES CAUSANA;IEP 60326 CABO PANTOJA;61497;0;0;0;0;97;0;97;287
56;NACIONAL;LORETO;PUTUMAYO;TENIENTE MANUEL CLAVERO;IEPS N 6010104 TENIENTE EJERCITO RUIZ GARCIA RUIZ;63111;0;0;0;0;97;0;97;273
57;NACIONAL;LORETO;UCAYALI;CONTAMANA;"I.E.I CUNA JARDIN N° 212 ""NIÑO JESUS""";62726;0;0;0;0;217;0;217;300
58;NACIONAL;MADRE DE DIOS;MANU;MADRE DE DIOS;IE BASICA REGULAR BOCA COLORADO;902559;0;0;0;0;193;0;193;293
59;NACIONAL;PIURA;HUANCABAMBA;SAN MIGUEL DE EL FAIQUE;IE SAN MIGUEL ARCANGEL;67153;0;0;0;0;300;0;300;300
60;NACIONAL;PIURA;MORROPON;SALITRAL;IE. JORGE BASADRE;67483;0;0;0;0;300;0;300;300
61;NACIONAL;PIURA;MORROPON;SAN JUAN DE BIGOTE;IE JOSE CARLOS MARIATEGUI;67596;0;65;65;4;17;0;86;286
62;NACIONAL;PIURA;PAITA;PAITA;IE 14739 ELISEO ALCIDES BERNAL LA SERNA;67732;0;0;0;0;249;0;249;300
63;NACIONAL;PIURA;PIURA;CASTILLA;IE PARROQUIAL NIÑO JESUS DE PRAGA;65516;0;0;0;0;169;0;169;300
64;NACIONAL;PIURA;PIURA;CASTILLA;IEP IDEPUNP;65423;0;0;0;0;253;0;253;300
65;NACIONAL;PIURA;PIURA;CATACAOS;IEP SANTA MARIA;65647;0;0;0;0;40;0;40;300
66;NACIONAL;PIURA;PIURA;CURA MORI;CRFA LAS CAPULLANAS;66215;0;0;0;0;244;0;244;300
67;NACIONAL;PIURA;PIURA;CURA MORI;IE 14053;66229;0;0;0;0;232;0;232;300
68;NACIONAL;PIURA;PIURA;LA ARENA;IE 14123;65758;0;0;0;0;231;0;231;300
69;NACIONAL;PIURA;PIURA;LA UNION;IEP SANTA BERNARDITA;65842;0;0;0;0;63;0;63;285
70;NACIONAL;PIURA;PIURA;LA UNION;MINI COLISEO DEPORTIVO MUNICIPAL LA UNION;65836;0;0;0;0;238;0;238;300
71;NACIONAL;PIURA;PIURA;PIURA;20124;64956;0;0;0;0;235;0;235;300
72;NACIONAL;PIURA;TALARA;MANCORA;IE 14917 MICAELA BASTIDAS - SECUNDARIA;69053;0;0;0;0;246;0;246;300
73;NACIONAL;PUNO;YUNGUYO;YUNGUYO;IES JOSE GALVEZ;71937;0;15;15;1;77;0;93;300
74;NACIONAL;SAN MARTIN;EL DORADO;SAN MARTIN;IE 0309 TUPAC AMARU II;74350;0;0;0;0;224;0;224;300
75;NACIONAL;SAN MARTIN;EL DORADO;SANTA ROSA;IE Nº 0326 - PRIMARIA / SECUNDARIA;903058;0;0;0;0;232;0;232;252
76;NACIONAL;SAN MARTIN;MARISCAL CACERES;HUICUNGO;I.E 268 MI DULCE HOGAR;72991;0;0;0;0;185;0;185;296
77;NACIONAL;SAN MARTIN;MARISCAL CACERES;PACHIZA;IE 0480 JOSE GABRIEL CONDORCANQUI NOGUERA;73014;0;0;0;0;99;0;99;230
78;NACIONAL;SAN MARTIN;TOCACHE;TOCACHE;228;73998;0;0;0;0;239;0;239;300
79;NACIONAL;SAN MARTIN;TOCACHE;UCHIZA;IE 0426 INMACULADA CONCEPCION;74160;0;0;0;0;88;0;88;280
80;NACIONAL;TUMBES;TUMBES;TUMBES;IEI 049 MIS PRIMEROS PASOS;75508;0;0;0;0;52;0;52;57
81;NACIONAL;UCAYALI;CORONEL PORTILLO;CALLERIA;CEBA - EL ARENAL;78755;0;0;0;0;231;0;231;300
82;NACIONAL;UCAYALI;CORONEL PORTILLO;YARINACOCHA;IE 64096;79164;0;0;0;0;199;0;199;300
83;NACIONAL;UCAYALI;PADRE ABAD;CURIMANA;IE CURIMANA;79770;0;0;0;0;294;0;294;294
84;NACIONAL;LIMA;HUARAL;CHANCAY;20799 DANIEL ALCIDES CARRION;60366;0;0;0;0;300;0;300;300
85;NACIONAL;LIMA;HUAURA;HUACHO;IE 20318 JOSE A MACNAMARA IEI 658 FE Y ALEGRIA;59172;0;0;0;0;54;0;54;300
86;NACIONAL;LIMA;HUAURA;HUALMAY;IEP LICEO ESPAÑOL SAN JUAN BAUTISTA;59243;0;0;0;0;300;0;300;300
87;NACIONAL;LIMA;HUAURA;SAYAN;IE 20849 JOSE FAUSTINO SANCHEZ CARRION;902261;0;0;0;0;242;0;242;282
88;NACIONAL;LIMA;LIMA;ATE;206 HUELLITAS DE AMOR;34521;0;0;0;0;256;0;256;300
89;NACIONAL;LIMA;LIMA;ATE;IE 1270 JUAN EL BAUTISTA;35919;0;0;0;0;231;0;231;300
90;NACIONAL;LIMA;LIMA;ATE;LOSA DEPORTIVA NIÑO JESUS II ETAPA;35765;0;0;0;0;193;0;193;300
91;NACIONAL;LIMA;LIMA;BARRANCO;02 LAURA ALVA SALDAÑA;44552;0;0;0;0;224;0;224;269
92;NACIONAL;LIMA;LIMA;BARRANCO;IE 7049 CAP FAP JOSE ABELARDO QUIÑONES GONZALES;44649;0;0;0;0;216;0;216;300
93;NACIONAL;LIMA;LIMA;BREÑA;POLITECNICO SALESIANO - SALESTEC;36224;0;0;0;0;300;0;300;300
94;NACIONAL;LIMA;LIMA;CARABAYLLO;SANTA ROSA DE VILLA;36548;0;0;0;0;205;0;205;300
95;NACIONAL;LIMA;LIMA;CHORRILLOS;IE 7066 ANDRES AVELINO CACERES;39101;0;0;0;0;300;0;300;300
96;NACIONAL;LIMA;LIMA;CHORRILLOS;IE 7076 BRISAS DE VILLA;39152;0;0;0;0;236;0;236;300
97;NACIONAL;LIMA;LIMA;COMAS;888 SEÑOR DE LOS MILAGROS;37138;0;0;0;0;263;0;263;300
98;NACIONAL;LIMA;LIMA;COMAS;ESTADIO TEOFILO CUBILLAS;38125;0;0;0;0;250;0;250;300
99;NACIONAL;LIMA;LIMA;COMAS;IE 2022 SINCHI ROCA;37468;0;0;0;0;261;0;261;300
100;NACIONAL;LIMA;LIMA;COMAS;IE PERUANO SUIZO;37954;0;0;0;0;283;0;283;300
101;NACIONAL;LIMA;LIMA;EL AGUSTINO;IE GRAN MARISCAL ANDRES AVELINO CACERES DORREGARAY;51020;0;0;0;0;250;0;250;300
102;NACIONAL;LIMA;LIMA;EL AGUSTINO;IE PARROQUIAL APOSTOL SAN PEDRO;51128;0;0;0;0;168;0;168;300
103;NACIONAL;LIMA;LIMA;INDEPENDENCIA;POLIDEPORTIVO LAS AMERICAS;50526;0;0;0;0;241;0;241;300
104;NACIONAL;LIMA;LIMA;JESUS MARIA;CEBE 08 PERU HOLANDA;49721;0;0;0;0;285;0;285;300
105;NACIONAL;LIMA;LIMA;JESUS MARIA;CIRCULO MILITAR;49668;0;0;0;0;240;0;240;300
106;NACIONAL;LIMA;LIMA;JESUS MARIA;IE 091 SEÑOR DE LOS MILAGROS;49991;0;0;0;0;283;0;283;300
107;NACIONAL;LIMA;LIMA;LA VICTORIA;COLEGIO SACO OLIVEROS;39512;0;0;0;0;233;0;233;300
108;NACIONAL;LIMA;LIMA;LA VICTORIA;COMPLEJO DEPORTIVO OSCAR R. BENAVIDES;39521;0;0;0;0;227;0;227;300
109;NACIONAL;LIMA;LIMA;LA VICTORIA;IE 1123 SAGRADO CORAZON DE JESUS;39746;0;0;0;0;234;0;234;300
110;NACIONAL;LIMA;LIMA;LIMA;106 RAMON ESPINOSA;33289;0;0;0;0;229;0;229;300
111;NACIONAL;LIMA;LIMA;LIMA;IE 1157 JULIO C. TELLO R.;34161;0;0;0;0;254;0;254;300
112;NACIONAL;LIMA;LIMA;LIMA;IE 1162 DIVINO NIÑO JESUS;33767;0;0;0;0;221;0;221;300
113;NACIONAL;LIMA;LIMA;LIMA;IE 1168 HEROES DEL CENEPA;33779;0;0;0;0;216;0;216;300
114;NACIONAL;LIMA;LIMA;LIMA;IE NUESTRA SEÑORA DE GUADALUPE;34235;0;0;0;0;213;0;213;300
115;NACIONAL;LIMA;LIMA;LIMA;UNIVERSIDAD NACIONAL FEDERICO VILLARREAL - ESCUELA DE POST GRADO;33587;0;0;0;0;217;0;217;300
116;NACIONAL;LIMA;LIMA;LIMA;UNIVERSIDAD NACIONAL FEDERICO VILLARREAL - FACULTAD DE DERECHO Y CIENCIAS POLÍTI;33865;0;0;0;0;238;0;238;300
117;NACIONAL;LIMA;LIMA;LOS OLIVOS;IE 2015 MANUEL GONZALES PRADA;57344;0;0;0;0;0;0;0;300
118;NACIONAL;LIMA;LIMA;LOS OLIVOS;IE 2092 CRISTO MORADO;57464;0;0;0;0;300;0;300;300
119;NACIONAL;LIMA;LIMA;MAGDALENA DEL MAR;HOSPITAL LARCO HERRERA;41718;0;0;0;0;204;0;204;300
120;NACIONAL;LIMA;LIMA;PACHACAMAC;IEP SAN PEDRO;42456;0;0;0;0;270;0;270;270
121;NACIONAL;LIMA;LIMA;PUENTE PIEDRA;8180 CELSO LINO RICALDI;42944;0;0;0;0;241;0;241;300
122;NACIONAL;LIMA;LIMA;PUENTE PIEDRA;ESTADIO SANTA ROSA DE PUENTE PIEDRA;43510;0;0;0;0;161;0;161;300
123;NACIONAL;LIMA;LIMA;PUENTE PIEDRA;IE 2081 PERU SUIZA;43286;0;0;0;0;300;0;300;300
124;NACIONAL;LIMA;LIMA;PUENTE PIEDRA;IE 5168 ROSA LUZ;43380;0;0;0;0;255;0;255;300
125;NACIONAL;LIMA;LIMA;PUENTE PIEDRA;IEP LOS CERVANTINOS;43463;0;0;0;0;300;0;300;300
126;NACIONAL;LIMA;LIMA;RIMAC;CEBA - 3016 RICARDO QUIMPER EX-3035;44191;0;0;0;0;235;0;235;300
127;NACIONAL;LIMA;LIMA;RIMAC;ESTHER CACERES SALGADO;43753;0;0;0;0;63;0;63;300
128;NACIONAL;LIMA;LIMA;SAN BORJA;PARQUE ARAMBURU;55492;0;0;0;0;199;0;199;275
129;NACIONAL;LIMA;LIMA;SAN ISIDRO;COLEGIO SAGRADO CORAZON SOPHIANUM;44382;0;0;0;0;261;0;261;300
130;NACIONAL;LIMA;LIMA;SAN JUAN DE LURIGANCHO;0141 VIRGEN DE COCHARCAS;52363;0;0;0;0;130;0;130;300
131;NACIONAL;LIMA;LIMA;SAN JUAN DE LURIGANCHO;0156 EL PORVENIR;52377;0;0;0;0;246;0;246;300
132;NACIONAL;LIMA;LIMA;SAN JUAN DE LURIGANCHO;CAMPO DEPORTIVO JAVIER HERAUD;53084;0;0;0;0;235;0;235;300
133;NACIONAL;LIMA;LIMA;SAN JUAN DE LURIGANCHO;CAMPO DEPORTIVO LAS PALMERAS;53246;0;0;0;0;69;0;69;300
134;NACIONAL;LIMA;LIMA;SAN JUAN DE LURIGANCHO;CAMPO DEPORTIVO LOS HERALDOS;53105;0;0;0;0;245;0;245;300
135;NACIONAL;LIMA;LIMA;SAN JUAN DE LURIGANCHO;CENTRO DEPORTIVO UPIS HUASCAR;54799;0;0;0;0;255;0;255;300
136;NACIONAL;LIMA;LIMA;SAN JUAN DE LURIGANCHO;IE 0171-10 HANNI ROLFES;52400;0;0;0;0;242;0;242;300
137;NACIONAL;LIMA;LIMA;SAN JUAN DE LURIGANCHO;IE 130 HEROES DE CENEPA;54237;0;0;0;0;250;0;250;300
138;NACIONAL;LIMA;LIMA;SAN JUAN DE LURIGANCHO;IE 131 MONITOR HUASCAR;54249;0;0;0;0;271;0;271;300
139;NACIONAL;LIMA;LIMA;SAN JUAN DE LURIGANCHO;IE 161 MOISES COLONIA TRINIDAD;54467;0;0;0;0;38;0;38;300
140;NACIONAL;LIMA;LIMA;SANTIAGO DE SURCO;COMPLEJO DEPOR LOMA AMARILLA;47114;0;0;0;0;224;0;224;300
141;NACIONAL;LIMA;LIMA;SANTIAGO DE SURCO;IE 6047 JOSE MARIA ARGUEDAS;47246;0;0;0;0;244;0;244;300
142;NACIONAL;LIMA;LIMA;SANTIAGO DE SURCO;IE URPI WASSI;48145;0;0;0;0;53;0;53;300
143;NACIONAL;LIMA;LIMA;SURQUILLO;CEBE SANTA MARIA DE GUADALUPE;48439;0;0;0;0;271;0;271;300
144;NACIONAL;LIMA;LIMA;VILLA EL SALVADOR;POLIDEPORTIVO VILLA EL SALVADOR;56272;0;0;0;0;251;0;251;300
145;NACIONAL;LIMA;LIMA;VILLA MARIA DEL TRIUNFO;IEP HENDRIK ANTOON LORENTZ 3;48654;0;0;0;0;216;0;216;300
146;NACIONAL;LIMA;LIMA;SANTA ANITA;IEP SANTA MARIA DE JESUS - PRIMARIA;57907;0;0;0;0;241;0;241;300
147;NACIONAL;LIMA;LIMA;SANTA ANITA;MIS PRIMEROS PASOS;57844;0;0;0;0;245;0;245;300
148;NACIONAL;LIMA;LIMA;SANTA ANITA;IE 123 LOS ARBOLES;58071;0;0;0;0;245;0;245;300
149;NACIONAL;LIMA;LIMA;SANTA ANITA;IE 1253 FRANCISCO BOLOGNESI;58331;0;0;0;0;77;0;77;300
150;NACIONAL;LIMA;LIMA;SAN MIGUEL;IE 1086 JESUS REDENTOR;46894;0;0;0;0;220;0;220;300
151;NACIONAL;LIMA;LIMA;SAN MARTIN DE PORRES;IE 3032 VILLA ANGELICA;45455;0;0;0;1;66;0;67;300
152;NACIONAL;LIMA;LIMA;SAN MARTIN DE PORRES;LOSA DEPORTIVA VIRGEN INMACULADA CONCEPCION;46039;0;0;0;0;223;0;223;300
153;NACIONAL;LIMA;LIMA;SAN MARTIN DE PORRES;IEP SANTO DOMINGO EL PREDICADOR;45965;0;0;0;0;83;0;83;300
154;NACIONAL;LIMA;LIMA;SAN MARTIN DE PORRES;IEP NUESTRA SEÃ‘ORA DE LA PAZ;44936;0;0;0;0;249;0;249;300
155;NACIONAL;LIMA;LIMA;SAN MARTIN DE PORRES;IE 3043 RAMON CASTILLA;45554;0;0;0;0;275;0;275;300
156;NACIONAL;LIMA;LIMA;SAN MARTIN DE PORRES;AGENCIA MUNICIPAL INFANTA;45656;0;0;0;0;242;0;242;300
157;NACIONAL;LIMA;LIMA;SAN JUAN DE MIRAFLORES;PARQUE ECOLOGICO NUMERO 3;52159;0;0;0;0;239;0;239;300
158;NACIONAL;LIMA;LIMA;SAN JUAN DE MIRAFLORES;IEP SANTA MARIA EDUVIGES;51485;0;0;0;0;244;0;244;300
159;NACIONAL;LIMA;LIMA;SAN JUAN DE MIRAFLORES;IE 7062 NACIONES UNIDAS;51795;0;0;0;0;216;0;216;300
160;NACIONAL;LIMA;LIMA;SAN JUAN DE LURIGANCHO;SOLIDARIDAD III;52843;0;0;0;0;32;0;32;300
161;NACIONAL;LIMA;LIMA;SAN JUAN DE LURIGANCHO;LOSA DEPORTIVA PARQUE 4 OSCAR BENEGAS;53543;0;0;0;0;217;0;217;300
162;NACIONAL;LIMA;LIMA;SAN JUAN DE LURIGANCHO;IEP APRENDAMOS DE JESUS;53508;0;0;0;0;300;0;300;300
163;NACIONAL;LIMA;LIMA;SAN JUAN DE LURIGANCHO;IE MUNDO FELIZ;53770;0;0;0;0;210;0;210;300
164;NACIONAL;LIMA;LIMA;SAN JUAN DE LURIGANCHO;IE 171 01 JUAN VELASCO ALVARADO;53967;0;0;0;0;249;0;249;300
165;NACIONAL;LIMA;LIMA;SAN LUIS;IE 1133 SANTISIMA VIRGEN DE FATIMA;55020;0;0;0;0;247;0;247;300
166;NACIONAL;LIMA;LIMA;PUENTE PIEDRA;LOSA DEPORTIVA LOS GERANIOS ZAPALLAL;43548;0;0;0;0;231;0;231;300
167;NACIONAL;LIMA;LIMA;LOS OLIVOS;PARQUE SANTA ROSA;57281;0;0;0;0;300;0;300;300
168;NACIONAL;LIMA;LIMA;VILLA EL SALVADOR;POLIDEPORTIVO VILLA EL SALVADOR;56240;0;0;0;0;258;0;258;300
169;NACIONAL;LIMA;LIMA;VILLA MARIA DEL TRIUNFO;IE 6057 VIRGEN DE LOURDES;49176;0;0;0;0;271;0;271;300
170;NACIONAL;LIMA;LIMA;VILLA MARIA DEL TRIUNFO;IE FE Y ALEGRIA NÂ° 23;49428;0;0;0;0;267;0;267;300
171;NACIONAL;LIMA;LIMA;VILLA MARIA DEL TRIUNFO;IEP CRISTO AMIGO;49008;0;0;0;0;250;0;250;300
172;EXTRANJERO;AMERICA;CHILE;SANTIAGO;LICEO JOSE VICTORIANO LASTARRIA;80922;0;0;0;0;0;0;0;
173;EXTRANJERO;AMERICA;CHILE;SANTIAGO;LICEO JOSE VICTORIANO LASTARRIA;80923;0;0;0;0;0;0;0;
174;EXTRANJERO;AMERICA;ESTADOS UNIDOS DE AMERICA;TAMPA;TAMPA CONVENTION CENTER;81945;0;68;68;0;0;0;68;
175;EXTRANJERO;AMERICA;VENEZUELA;PUERTO ORDAZ;HOTEL ROSA BELA;82172;0;39;39;0;0;0;39;
176;EXTRANJERO;AMERICA;VENEZUELA;VALENCIA;HOTEL EXECUTIVE SUITES VALENCIA;82129;0;2;2;0;0;0;2;
177;EXTRANJERO;AMERICA;VENEZUELA;VALENCIA;HOTEL EXECUTIVE SUITES VALENCIA;82130;0;2;2;0;0;0;2;
178;EXTRANJERO;AMERICA;VENEZUELA;VALENCIA;HOTEL EXECUTIVE SUITES VALENCIA;82167;0;0;0;0;0;0;0;
179;EXTRANJERO;AMERICA;VENEZUELA;VALENCIA;HOTEL EXECUTIVE SUITES VALENCIA;82168;0;0;0;0;0;0;0;
180;EXTRANJERO;AMERICA;VENEZUELA;VALENCIA;HOTEL EXECUTIVE SUITES VALENCIA;82192;0;0;0;0;0;0;0;
181;EXTRANJERO;AMERICA;VENEZUELA;VALENCIA;HOTEL EXECUTIVE SUITES VALENCIA;82193;0;0;0;0;0;0;0;
182;EXTRANJERO;AMERICA;VENEZUELA;VALENCIA;HOTEL EXECUTIVE SUITES VALENCIA;82194;0;0;0;0;0;0;0;
183;EXTRANJERO;ASIA;ARABIA SAUDITA;RIAD;EMBAJADA DEL PERÚ EN EL REINO DE ARABIA SAUDITA;82336;0;0;0;0;0;0;0;
184;EXTRANJERO;ASIA;INDIA;NUEVA DELHI;EMBAJADA DEL PERÚ EN INDIA;82205;0;4;4;0;0;0;4;
185;EXTRANJERO;ASIA;JAPON;OKINAWA;NAHA SHI TEMBUSU KAN;82248;0;36;36;3;0;0;39;
186;EXTRANJERO;ASIA;KUWAIT;AL - KUWAIT;EMBAJADA DEL PERÚ EN KUWAIT;82340;0;0;0;0;0;0;0;
187;EXTRANJERO;ASIA;LIBANO;BEIRUT;CONSULADO HONORARIO DEL PERÚ EN BEIRUT;82330;0;0;0;0;0;0;0;
188;EXTRANJERO;ASIA;MALASIA;KUALA LUMPUR;RESIDENCIA OFICIAL DE LA EMBAJADA DEL PERÚ EN KUALA LUMPUR;82341;0;5;5;0;0;0;5;
189;EXTRANJERO;ASIA;REPUBLICA POPULAR CHINA;GUANGZHOU;CONSULADO GENERAL DEL PERÚ EN GUANGZHOU;82204;0;15;15;0;1;0;16;
190;EXTRANJERO;ASIA;VIETNAM;HANOI;EMBAJADA DEL PERÚ EN VIETNAM;82337;0;3;3;0;0;0;3;
191;EXTRANJERO;EUROPA;ITALIA;TURIN;CENTRO DE CONVENCIONES LINGOTTO FIERE;83247;0;0;0;0;159;0;159;
192;EXTRANJERO;EUROPA;MACEDONIA DEL NORTE;SKOPJE;CONSULADO HONORARIO DEL PERÚ EN SKOPJE;83355;0;5;5;0;0;0;5;
193;EXTRANJERO;EUROPA;SUIZA;GINEBRA;CENTRO INTERNACIONAL DE CONFERENCIAS DE GINEBRA (CICG)¿;83327;0;72;72;3;6;0;81;
194;EXTRANJERO;EUROPA;UCRANIA;KHARKOV;"SALA DE CONFERENCIAS DE LA COMPAÑÍA ""FOP MAZLIN VOLODYMYR"".";83353;0;22;22;0;0;0;22;
195;EXTRANJERO;AMERICA;ARGENTINA;BUENOS AIRES;ESCUELA NORMAL SUPERIOR N° 03;80254;0;58;58;0;8;0;66;
196;EXTRANJERO;AMERICA;ARGENTINA;CORDOBA;ESCUELA JUAN BAUTISTA ALBERDI;80335;0;61;61;0;8;0;69;
197;EXTRANJERO;AMERICA;CHILE;SANTIAGO;E.B. SALVADOR SANFUENTES;80715;0;0;0;0;147;0;147;
198;EXTRANJERO;AMERICA;CHILE;SANTIAGO;ESCUELA REPÚBLICA DE ALEMANIA;80849;0;0;0;0;143;0;143;
199;EXTRANJERO;AMERICA;CHILE;SANTIAGO;LICEO INDUSTRIAL ELIODORO GARCÍA ZEGERS;80995;0;0;0;0;35;0;35;
200;EXTRANJERO;AMERICA;CHILE;SANTIAGO;LICEO TAJAMAR;80803;0;0;0;0;158;0;158;
201;EXTRANJERO;AMERICA;VENEZUELA;CARACAS;UNIDAD EDUCATIVA PRIVADA COLEGIO DON BOSCO;82195;0;0;0;0;0;0;0;
202;EXTRANJERO;AMERICA;VENEZUELA;CARACAS;UNIDAD EDUCATIVA PRIVADA COLEGIO DON BOSCO;82196;0;0;0;0;0;0;0;
203;EXTRANJERO;ASIA;JAPON;TOKIO;TOKYO RYUTSU CENTER;82246;0;64;64;0;0;0;64;
204;EXTRANJERO;EUROPA;ESPAÑA;MADRID;RECINTO FERIAL IFEMA PABELLÓN Nº 9;82828;0;61;61;0;7;0;68;
205;EXTRANJERO;AMERICA;ESTADOS UNIDOS DE AMERICA;MIAMI;CONVENTION CENTER;81281;0;102;102;0;1;0;103;
206;EXTRANJERO;AMERICA;ESTADOS UNIDOS DE AMERICA;MIAMI;CONVENTION CENTER;81313;0;95;95;0;0;0;95;
207;EXTRANJERO;AMERICA;ESTADOS UNIDOS DE AMERICA;MIAMI;CONVENTION CENTER;81372;0;109;109;0;0;0;109;
208;EXTRANJERO;AMERICA;ESTADOS UNIDOS DE AMERICA;NUEVA JERSEY;MEADOWLANDS EXPOSITION CENTER;81774;0;0;0;0;74;0;74;
209;EXTRANJERO;AMERICA;ESTADOS UNIDOS DE AMERICA;NUEVA JERSEY;MEADOWLANDS EXPOSITION CENTER;81872;0;0;0;0;82;0;82;
